{"cameraMode":{"drawMode":0,"name":"Shaded","section":"Shading Mode"},"sceneLighting":true,"audioPlay":false,"sceneViewState":{"showFog":true,"showMaterialUpdate":false,"showSkybox":true,"showFlares":true,"showImageEffects":true,"showParticleSystems":true},"in2DMode":false,"pivot":{"x":-38.8921012878418,"y":385.7091064453125,"z":-2500.241455078125},"rotation":{"x":0.29084017872810366,"y":0.04876842349767685,"z":-0.014846224337816239,"w":0.9554163217544556},"size":10.0,"orthographic":true}