{"cameraMode":{"drawMode":0,"name":"Shaded","section":"Shading Mode"},"sceneLighting":true,"audioPlay":false,"sceneViewState":{"showFog":true,"showMaterialUpdate":false,"showSkybox":true,"showFlares":true,"showImageEffects":true,"showParticleSystems":true},"in2DMode":false,"pivot":{"x":0.7699999809265137,"y":0.010049939155578614,"z":-7.599999904632568},"rotation":{"x":-0.2000337839126587,"y":0.38377201557159426,"z":-0.08554117381572724,"w":-0.8974373936653137},"size":4.064131259918213,"orthographic":false}